{   "id" : "com.servicemax.client.installigence.offline.model" ,
    "name" : "ServiceMax Installigence Offline Mode",
    "description" : "ServiceMax Installigence Offline Model",
    "version" : "1.0.0",
    "module-activator" : "com.servicemax.client.installigence.offline.model.impl.Module",

    "depends" : [
        { "id" : "com.servicemax.client.runtime", "version" : "1.0.0" }
    ],

    "declares" : [

    ],

    "defines" : [
        {
            "type" : "com.servicemax.client.runtime.namedinstance",
            "config" : {
                "configure" : { "name" : "MODEL", "data" : [
                    {"operationId" : "INSTALLIGENCE.GET_METADATA", "operation" : "com.servicemax.client.installigence.offline.model.operations.GetMetadata"},
                    {"operationId" : "INSTALLIGENCE.FIND_BY_IB", "operation" : "com.servicemax.client.installigence.offline.model.operations.FindByIB"},
                    {"operationId" : "INSTALLIGENCE.GET_TOP_LEVEL_IBS", "operation" : "com.servicemax.client.installigence.offline.model.operations.GetTopLevelIBs"},
                    {"operationId" : "INSTALLIGENCE.GET_PAGELAYOUT", "operation" : "com.servicemax.client.installigence.offline.model.operations.GetPageLayout"},
                    {"operationId" : "INSTALLIGENCE.GET_PAGEDATA", "operation" : "com.servicemax.client.installigence.offline.model.operations.GetPageData"},
                    {"operationId" : "INSTALLIGENCE.GET_LOC_ACC_DETAILS", "operation" : "com.servicemax.client.installigence.offline.model.operations.GetLocAccDetails"},
                    {"operationId" : "INSTALLIGENCE.GET_MORE_IBS", "operation" : "com.servicemax.client.installigence.offline.model.operations.GetMoreIBs"},
                    {"operationId" : "INSTALLIGENCE.FIND_PRODUCTS", "operation" : "com.servicemax.client.installigence.offline.model.operations.FindProducts"},
                    {"operationId" : "INSTALLIGENCE.GET_RECORDS", "operation" : "com.servicemax.client.installigence.offline.model.operations.GetRecords"},
                    {"operationId" : "INSTALLIGENCE.GET_LOCATIONS", "operation" : "com.servicemax.client.installigence.offline.model.operations.GetLocations"},
                    {"operationId" : "INSTALLIGENCE.CREATE_RECORDS", "operation" : "com.servicemax.client.installigence.offline.model.operations.CreateRecords"},
                    {"operationId" : "INSTALLIGENCE.DELETE_RECORDS", "operation" : "com.servicemax.client.installigence.offline.model.operations.DeleteRecords"},
                    {"operationId" : "INSTALLIGENCE.GET_TRANSLATIONS", "operation" : "com.servicemax.client.installigence.offline.model.operations.GetTranslations"},
                    {"operationId" : "INSTALLIGENCE.UPDATE_IB_HIERARCHY", "operation" : "com.servicemax.client.installigence.offline.model.operations.UpdateIBHierarchy"},
                    {"operationId" : "INSTALLIGENCE.APPLY_FIELD_UPDATE", "operation" : "com.servicemax.client.installigence.offline.model.operations.ApplyFieldUpdate"},
                    {"operationId" : "INSTALLIGENCE.GET_LM_TOP_LEVEL_IBS", "operation" : "com.servicemax.client.installigence.offline.model.operations.GetLMTopLevelIBs"},
                    {"operationId" : "INSTALLIGENCE.GET_LM_ACCOUNTS_LOCATIONS", "operation" : "com.servicemax.client.installigence.offline.model.operations.GetLMAccountsLocations"},
                    {"operationId" : "INSTALLIGENCE.GET_LM_PRODUCTS", "operation" : "com.servicemax.client.installigence.offline.model.operations.GetLMProducts"},
                    {"operationId" : "INSTALLIGENCE.SAVE_RECORD", "operation" : "com.servicemax.client.installigence.offline.model.operations.SaveRecord"},
                    {"operationId" : "INSTALLIGENCE.SAVE_MULTIPLE_RECORDS", "operation" : "com.servicemax.client.installigence.offline.model.operations.SaveMultipleRecords"},
					{"operationId" : "INSTALLIGENCE.SAVE_RECORD_CONFIRM", "operation" : "com.servicemax.client.installigence.offline.model.operations.saveRecordConfirm"},
                    {"operationId" : "INSTALLIGENCE.CLONE_RECORD", "operation" : "com.servicemax.client.installigence.offline.model.operations.CloneRecord"},
                    {"operationId" : "INSTALLIGENCE.CLONE_MULTIPLE_RECORDS", "operation" : "com.servicemax.client.installigence.offline.model.operations.CloneMultipleRecords"},
                    {"operationId" : "INSTALLIGENCE.SAVE_STATE", "operation" : "com.servicemax.client.installigence.offline.model.operations.SaveState"},
                    {"operationId" : "INSTALLIGENCE.GET_SYNC_CONFLICTS", "operation" : "com.servicemax.client.installigence.offline.model.operations.GetSyncConflicts"},
                    {"operationId" : "INSTALLIGENCE.UPDATE_SYNC_CONFLICTS", "operation" : "com.servicemax.client.installigence.offline.model.operations.UpdateSyncConflicts"},
		    		{"operationId" : "INSTALLIGENCE.GET_ALL_PARENT_IBS", "operation" : "com.servicemax.client.installigence.offline.model.operations.GetAllParentIBs"},
		    		{"operationId" : "INSTALLIGENCE.SEND_EXTERNAL_MSG", "operation" : "com.servicemax.client.installigence.offline.model.operations.SendExternalMessage"},
		    		{"operationId" : "INSTALLIGENCE.EXECUTE_API", "operation" : "com.servicemax.client.installigence.offline.model.operations.ExecuteAPI"},
		    		{"operationId" : "INSTALLIGENCE.GET_APP_FOCUS", "operation" : "com.servicemax.client.installigence.offline.model.operations.GetApplicationFocus"},
		    		{"operationId" : "INSTALLIGENCE.GET_LOOKUPCONFIG", "operation" : "com.servicemax.client.installigence.offline.model.operations.GetLookupConfig"},
                    {"operationId" : "INSTALLIGENCE.GET_IBSEARCHCONFIG", "operation" : "com.servicemax.client.installigence.offline.model.operations.GetIBSearchConfig"},
                    {"operationId" : "INSTALLIGENCE.SEACH_INSTALLBASE", "operation" : "com.servicemax.client.installigence.offline.model.operations.SearchInstallBase"},
                    {"operationId" : "INSTALLIGENCE.FETCH_VALUES", "operation" : "com.servicemax.client.installigence.offline.model.operations.GetIBReferenceField"},
                    {"operationId" : "INSTALLIGENCE.FETCH_TOPLEVEL_ACCOUNTS", "operation" : "com.servicemax.client.installigence.offline.model.operations.FetchToplevelAccounts"},
                    {"operationId" : "INSTALLIGENCE.GET_ALL_CHILD_IBS", "operation" : "com.servicemax.client.installigence.offline.model.operations.GetAllChildIBs"},
                    {"operationId" : "INSTALLIGENCE.FETCH_CUSTOM_FIELD", "operation" : "com.servicemax.client.installigence.offline.model.operations.GetCustomFieldName"}

						
            	]}
            }
        }
    ],

    "services" : [

    ],

    "scripts" : [
        "impl.js",
        "operations.js",
        "nativeservice.js",
        "utils.js"
    ],
    "tests" : [
        "operationtest.js"
    ]
}
