
{	"id" : "com.servicemax.client.sal.sfmconsole.model" ,
	"name" : "ServiceMax Client Model",
	"description" : "Provides the online view and the data model for ServiceMax Console",
	"version" : "1.0.0",
	"module-activator" : "com.servicemax.client.sal.sfmconsole.model.impl.Module",

	"depends" : [
		{ "id" : "com.servicemax.client.runtime", "version" : "1.0.0" },
		{ "id" : "com.servicemax.client.sal", "version" : "1.0.0" }
	],

	"declares" : [

	],

	"defines" : [
		{
			"type" : "com.servicemax.client.runtime.namedinstance",
			"config" : {
				"configure" : { "name" : "MODEL", "data" : [
						{"operationId" : "SFMCONSOLE.RETRIEVE_DISPLAY_TAGS", "operation" : "com.servicemax.client.sal.model.sfmconsole.operations.RetrieveDisplayTags"}
					]
				}
			}
		}
	],

	"services" : [
	],

	"scripts" : [
		"impl.js",
		"sfmconsoleoperations.js"
	]
}
