
{	"id" : "com.servicemax.client.sfmopdocdelivery.model" , 
	"name" : "ServiceMax Output Documents - Model",
	"description" : "Provides the online view and the data model for ServiceMax Output Documents",
	"version" : "1.0.0",
	"module-activator" : "com.servicemax.client.sfmopdocdelivery.model.impl.Module",
	
	"depends" : [
		{ "id" : "com.servicemax.client.runtime", "version" : "1.0.0" }
	], 
	
	"declares" : [ 

	],
	
	"defines" : [
		{
			"type" : "com.servicemax.client.runtime.namedinstance",
			"config" : {
				"configure" : { "name" : "MODEL", "data" : [
						{"operationId" : "SFMOPDOCDELIVERY.GET_TEMPLATE", "operation" : "com.servicemax.client.sfmopdocdelivery.model.operations.GetTemplate"},
						{"operationId" : "SFMOPDOCDELIVERY.SUBMIT_DOCUMENT", "operation" : "com.servicemax.client.sfmopdocdelivery.model.operations.SubmitDocument"},
						{"operationId" : "SFMOPDOCDELIVERY.CREATE_PDF", "operation" : "com.servicemax.client.sfmopdocdelivery.model.operations.CreatePDF"},
						{"operationId" : "SFMOPDOCDELIVERY.SUBMIT_QUERY", "operation" : "com.servicemax.client.sfmopdocdelivery.model.operations.SubmitQuery"},
						{"operationId" : "SFMOPDOCDELIVERY.VIEW_DOCUMENT", "operation" : "com.servicemax.client.sfmopdocdelivery.model.operations.ViewDocument"},
						{"operationId" : "SFMOPDOCDELIVERY.GET_USERINFO", "operation" : "com.servicemax.client.sfmopdocdelivery.model.operations.GetUserInfo"},
						{"operationId" : "SFMOPDOCDELIVERY.GET_DOCUMENT_METADATA", "operation" : "com.servicemax.client.sfmopdocdelivery.model.operations.GetDocumentMetadata"},
						{"operationId" : "SFMOPDOCDELIVERY.GET_DOCUMENT_DATA", "operation" : "com.servicemax.client.sfmopdocdelivery.model.operations.GetDocumentData"},
						{"operationId" : "SFMOPDOCDELIVERY.DESCRIBE_OBJECT", "operation" : "com.servicemax.client.sfmopdocdelivery.model.operations.DescribeObject"},
						{"operationId" : "SFMOPDOCDELIVERY.TARGET_UPDATES", "operation" : "com.servicemax.client.sfmopdocdelivery.model.operations.TargetUpdates"},
						{"operationId" : "SFMOPDOCDELIVERY.GET_DISPLAY_TAGS", "operation" : "com.servicemax.client.sfmopdocdelivery.model.operations.GetDisplayTags"}
					]
				}
			}
		}
	],
	
	"services" : [
		{ "id" : "com.servicemax.client.cache",   "class-name" : "com.servicemax.client.sfmopdocdelivery.model.impl.CacheService" },
		{ "id" : "com.servicemax.client.platformspecifics",   "class-name" : "com.servicemax.client.sfmopdocdelivery.model.impl.PlatformSpecifics" }
	],
	
	"scripts" : [
		"impl.js",
		"sfmopdocdeliveryoperations.js"
	] 
}
