
{	"id" : "com.servicemax.client.native.laptop" ,
	"name" : "ServiceMax Native Windows/Laptop Interface",
	"description" : "Provides an API for interacting with the native laptop client when available",
	"version" : "1.0.0",
	"module-activator" : "com.servicemax.client.native.laptop.impl.Module",

	"depends" : [
		{ "id" : "com.servicemax.client.runtime", "version" : "1.0.0" }
	],

	"declares" : [

	],

	"defines" : [],

	"services" : [

	],

	"scripts" : [
	    "impl.js",
	    "client.js"

	]
}
