
{	"id" : "com.servicemax.client.sfmopdocdelivery" , 
	"name" : "ServiceMax Output Documents - Delivery",
	"description" : "ServiceMax Output Documents - Delivery",
	"version" : "1.0.0",
	"module-activator" : "com.servicemax.client.sfmopdocdelivery.impl.Module",

	"depends" : [
		{ "id" : "com.servicemax.client.sfmconsole", "version" : "1.0.0"}
	], 
	
	"declares" : [
	
	],
	
	"defines" : [
		{
			"type" : "com.servicemax.client.sfmconsole.consoleapp",
			"config" : {
				"app" : {
					"id" : "sfmopdocdelivery",
					"class-name" : "com.servicemax.client.sfmopdocdelivery.console.ConsoleAppImpl"
				},
				"discover" : false,
				"multiple" : true
			}
		},
		{	"type" : "com.servicemax.client.sfmconsole.deliveryengine", 
			"config" : {
				"engine" : { "id" : "sfmopdocdelivery", "class-name" : "com.servicemax.client.sfmopdocdelivery.engine.DeliveryEngineImpl"}
			}
		},		
		{
			"type" : "com.servicemax.client.runtime.namedinstance",
			"config" : {
				"configure" : { "name" : "CONTROLLER", "data" : [
						{"event" : "SFMOPDOCDELIVERY.GET_TEMPLATE", "command" : "com.servicemax.client.sfmopdocdelivery.commands.GetTemplate"},
						{"event" : "SFMOPDOCDELIVERY.SUBMIT_DOCUMENT", "command" : "com.servicemax.client.sfmopdocdelivery.commands.SubmitDocument"},
						{"event" : "SFMOPDOCDELIVERY.CREATE_PDF", "command" : "com.servicemax.client.sfmopdocdelivery.commands.CreatePDF"},
						{"event" : "SFMOPDOCDELIVERY.VIEW_DOCUMENT", "command" : "com.servicemax.client.sfmopdocdelivery.commands.ViewDocument"},
						{"event" : "SFMOPDOCDELIVERY.GET_USERINFO", "command" : "com.servicemax.client.sfmopdocdelivery.commands.GetUserInfo"},
						{"event" : "SFMOPDOCDELIVERY.GET_DOCUMENT_METADATA", "command" : "com.servicemax.client.sfmopdocdelivery.commands.GetDocumentMetadata"},
						{"event" : "SFMOPDOCDELIVERY.GET_DOCUMENT_DATA", "command" : "com.servicemax.client.sfmopdocdelivery.commands.GetDocumentData"},
						{"event" : "SFMOPDOCDELIVERY.DESCRIBE_OBJECT", "command" : "com.servicemax.client.sfmopdocdelivery.commands.DescribeObject"},
						{"event" : "SFMOPDOCDELIVERY.CAPTURE_SIGNATURE", "command" : "com.servicemax.client.sfmopdocdelivery.commands.CaptureSignature"},
						{"event" : "SFMOPDOCDELIVERY.FINALIZE", "command" : "com.servicemax.client.sfmopdocdelivery.commands.Finalize"},
						{"event" : "SFMOPDOCDELIVERY.TARGET_UPDATES", "command" : "com.servicemax.client.sfmopdocdelivery.commands.TargetUpdates"},
						{"event" : "SFMOPDOCDELIVERY.GET_DISPLAY_TAGS", "command" : "com.servicemax.client.sfmopdocdelivery.commands.GetDisplayTags"}
					]
				}
			}
		},
		
		{
			"type" : "com.servicemax.client.runtime.namedinstance",
			"config" : {
				"define" : { "name" : "NODE_PROCESSOR", "type" : "com.servicemax.client.sfmopdocdelivery.engine.NodeProcessor" }
			}
		},
		
		{
			"type" : "com.servicemax.client.runtime.namedinstance",
			"config" : {
				"configure" : { "name" : "NODE_PROCESSOR", "data" : [
						{"nodeType" : "DIV", 		"processor" : "com.servicemax.client.sfmopdocdelivery.engine.DivNodeProcessor"},
						{"nodeType" : "TABLE", 		"processor" : "com.servicemax.client.sfmopdocdelivery.engine.TableNodeProcessor"},
						{"nodeType" : "IMG", 		"processor" : "com.servicemax.client.sfmopdocdelivery.engine.ImageNodeProcessor"},
						{"nodeType" : "TD", 		"processor" : "com.servicemax.client.sfmopdocdelivery.engine.TdNodeProcessor"},
						{"nodeType" : "ILDIV", 		"processor" : "com.servicemax.client.sfmopdocdelivery.engine.InlineDivNodeProcessor"},
						{"nodeType" : "ILSTRONG", 	"processor" : "com.servicemax.client.sfmopdocdelivery.engine.InlineStrongNodeProcessor"},
						{"nodeType" : "ILU", 		"processor" : "com.servicemax.client.sfmopdocdelivery.engine.InlineUnderlineNodeProcessor"},
						{"nodeType" : "ILI", 		"processor" : "com.servicemax.client.sfmopdocdelivery.engine.InlineItalicNodeProcessor"},
						{"nodeType" : "ILP", 		"processor" : "com.servicemax.client.sfmopdocdelivery.engine.InlineParaNodeProcessor"},
						{"nodeType" : "ILPRE", 		"processor" : "com.servicemax.client.sfmopdocdelivery.engine.InlinePreNodeProcessor"},
						{"nodeType" : "ILH", 		"processor" : "com.servicemax.client.sfmopdocdelivery.engine.InlineHeadingNodeProcessor"},						
						{"nodeType" : "ILS", 		"processor" : "com.servicemax.client.sfmopdocdelivery.engine.InlineStyleNodeProcessor"},
						{"nodeType" : "ILSP", 		"processor" : "com.servicemax.client.sfmopdocdelivery.engine.InlineSpanNodeProcessor"},
						{"nodeType" : "ILEM", 		"processor" : "com.servicemax.client.sfmopdocdelivery.engine.InlineEMNodeProcessor"},
						{"nodeType" : "ILSTRIKE", 	"processor" : "com.servicemax.client.sfmopdocdelivery.engine.InlineStrikeNodeProcessor"},
						{"nodeType" : "ILSUB", 		"processor" : "com.servicemax.client.sfmopdocdelivery.engine.InlineSubNodeProcessor"},
						{"nodeType" : "ILSUP", 		"processor" : "com.servicemax.client.sfmopdocdelivery.engine.InlineSupNodeProcessor"},
						{"nodeType" : "ILOL", 		"processor" : "com.servicemax.client.sfmopdocdelivery.engine.InlineOlNodeProcessor"},
						{"nodeType" : "ILLI", 		"processor" : "com.servicemax.client.sfmopdocdelivery.engine.InlineLiNodeProcessor"},
						{"nodeType" : "ILUL", 		"processor" : "com.servicemax.client.sfmopdocdelivery.engine.InlineUlNodeProcessor"},
						{"nodeType" : "ILB", 		"processor" : "com.servicemax.client.sfmopdocdelivery.engine.InlineBoldNodeProcessor"},
						{"nodeType" : "ILTD", 		"processor" : "com.servicemax.client.sfmopdocdelivery.engine.InlineTDNodeProcessor"},
						{"nodeType" : "ILTH", 		"processor" : "com.servicemax.client.sfmopdocdelivery.engine.InlineTHNodeProcessor"}
					]
				}
			}
		}
	],
	
	"services" : [
	
	],
	
	"scripts" : [
		"impl.js",
		"engine.js",
		"commands.js",
		"jsel.js",
		"constants.js",
		"console.js",
		"utils.js"
	] 
}
