
{	"id" : "com.servicemax.client.app" , 
	"name" : "ServiceMax Client Application",
	"description" : "The default application for ServiceMax Clientside apps",
	"version" : "1.0.0",
	"module-activator" : "com.servicemax.client.app.impl.Module",
	
	"depends" : [
		{ "id" : "com.servicemax.client.runtime", "version" : "1.0.0" }
	], 
	
	"declares" : [
	
	],
	
	"defines" : [
		{ 	"type" : "com.servicemax.client.runtime.application", 
			"config" : {
				"application" : { "id" : "application", "class-name" : "com.servicemax.client.app.impl.Application" }
			} 
		}
	],
	
	"services" : [
	
	],
	
	"scripts" : [
		"impl.js"
	] 
}
