
{	"id" : "com.servicemax.client.sfmconsole.ui.web" ,
	"name" : "ServiceMax Client Console",
	"description" : "ServiceMax Client Console",
	"version" : "1.0.0",
	"module-activator" : "com.servicemax.client.sfmconsole.ui.web.impl.Module",
	"load-at-startup" : "true",

	"depends" : [],

	"declares" : [
	],

	"defines" : [
		{ 	"type" : "com.servicemax.client.runtime.application",
			"config" : {
				"application" : { "id" : "console", "class-name" : "com.servicemax.client.sfmconsole.ui.web.api.Application" }
			}
		},
		{	"type" : "com.servicemax.client.runtime.uitheme",
			"config" : {
				"theme-defs" : [
					{ "type" : "DEFAULT" , "path" : "css/sfm-console-toolbar-blue.css" },
					{ "type" : "DEFAULT" , "path" : "css/sfm-console-blue.css" },
					{ "type" : "CLASSIC" , "path" : "css/sfm-console-toolbar-classic.css" },
					{ "type" : "CLASSIC" , "path" : "css/sfm-console-classic.css" },
					{ "type" : "RED" , "path" : "css/sfm-console-toolbar-red.css" },
					{ "type" : "RED" , "path" : "css/sfm-console-red.css" },
					{ "type" : "RELAXED" , "path" : "css/sfm-console-toolbar-relaxed.css" },
					{ "type" : "RELAXED" , "path" : "css/sfm-console-red.css" },
					{ "type" : "IPAD" , "path" : "css/sfm-console-toolbar-ipad.css" },
					{ "type" : "IPAD" , "path" : "css/sfm-console-ipad.css" },
					{ "type" : "IPAD" , "path" : "css/sfm-console-toolbar-ipad2.css" },
					{ "type" : "IPAD" , "path" : "css/sfm-console-ipad2.css" },
					{ "type" : "WINDOWS CLASSIC" , "path" : "css/sfm-console-toolbar-windows-classic.css" },
					{ "type" : "WINDOWS CLASSIC" , "path" : "css/sfm-console-windows-classic.css" }
				]
			}
		}
	],

	"services" : [
	],

	"scripts" : [
		"impl.js",
		"api.js"
	]
}
