{	"id" : "com.servicemax.client.installigence.sync" ,
	"name" : "ServiceMax Installigence Sync",
	"description" : "ServiceMax Installigence Sync",
	"version" : "1.0.0",
	"module-activator" : "com.servicemax.client.installigence.sync.impl.Module",

	"depends" : [
		{ "id" : "com.servicemax.client.runtime", "version" : "1.0.0" }
	],

	"declares" : [

	],

	"defines" : [
        
	],

	"services" : [
		{"id": "com.servicemax.client.installigence.sync", "class-name": "com.servicemax.client.installigence.sync.service.impl.Service" }
	],

	"scripts" : [
		"impl.js",
		"service.js"
	]
}
