
{	"id" : "com.servicemax.client.sfmconsole" ,
	"name" : "ServiceMax Client Console",
	"description" : "ServiceMax Client Console",
	"version" : "1.0.0",
	"module-activator" : "com.servicemax.client.sfmconsole.impl.Module",
	"load-at-startup" : "true",

	"depends" : [],

	"declares" : [
		{ "id" : "com.servicemax.client.sfmconsole.deliveryengine" },
		{ "id" : "com.servicemax.client.sfmconsole.settings" },
		{ "id" : "com.servicemax.client.sfmconsole.consoleapp" },
		{ "id" : "com.servicemax.client.sfmconsole.synchronizer" },
		{ "id" : "com.servicemax.client.extension" },
		{ "id" : "com.servicemax.client.sfmconsole.translation-tags"}
	],

	"defines" : [
		{
			"type" : "com.servicemax.client.runtime.namedinstance",
			"config" : {
				"define" : { "name" : "SFMCONSOLE.VIEW", "type" : "com.servicemax.client.mvc.impl.View" }
			}
		},
		{
			"type" : "com.servicemax.client.runtime.namedinstance",
			"config" : {
				"configure" : { "name" : "CONTROLLER", "data" : [
						{"event" : "SFMCONSOLE.GET_USERINFO", "command" : "com.servicemax.client.sfmconsole.commands.GetUserInfo"},
						{"event" : "SFMCONSOLE.GET_APP_INFO", "command" : "com.servicemax.client.sfmconsole.commands.GetAppInfo"},
            {"event" : "SFMCONSOLE.RETRIEVE_DISPLAY_TAGS", "command" : "com.servicemax.client.sfmconsole.commands.RetrieveDisplayTags"},
            {"event" : "SFMCONSOLE.SIGNOUT", "command" : "com.servicemax.client.sfmconsole.commands.SignOutUser"}
				]}
			}
		}
	],

	"services" : [
		{ "id" : "com.servicemax.client.translation", "class-name" : "com.servicemax.client.sfmconsole.utils.TranslationService" },
		{ "id" : "com.servicemax.client.statemanager", "class-name" : "com.servicemax.client.sfmconsole.utils.StateService" }
	],

	"scripts" : [
		"api.js",
		"impl.js",
		"utils.js",
		"engine.js",
		"commands.js",
		"constants.js",
		"patterns/api.js",
		"expressionbridge.js"
	],

	"tests": [
		"stateservice.js"
	]
}
