
{	"id" : "com.servicemax.client.installigence.native" , 
	"name" : "ServiceMax Native Windows/Laptop Interface",
	"description" : "Provides an API for interacting with the native laptop client when available",
	"version" : "1.0.0",
	"module-activator" : "com.servicemax.client.native.laptop.impl.Module",
	
	"depends" : [
		{ "id" : "com.servicemax.client.runtime", "version" : "1.0.0" }
	], 
	
	"declares" : [ 

	],
	
	"defines" : [
        {
			"type" : "com.servicemax.client.runtime.namedinstance",
			"config" : {
				"define" : { 
                    "name" : "CONSOLE_MENUITEMS", 
                    "type" : "com.servicemax.client.sfmconsole.engine.ConsoleToolbarNameInstance" 
                },		
				"configure" : { 
                    "name" : "CONSOLE_MENUITEMS", 
                    "data" : [
				        {
                            "id" : "itmGenKey", 
                            "title" : {
                                "tag": "TAG0011",
                                "text": "Generate API Access Key",
                                "module": "ContainerTags"
							},
                            "tooltip": {
                                "tag": "TAG0011",
                                "text": "Generate API Access Key",
                                "module": "ContainerTags"
							},
                            "path": {
                                "tag": "IPAD021_TAG003/TAG0014",
                                "text": "Settings/Laptop",
                                "module": "IPAD/ContainerTags"
							},
                            "priority": "11",
							"handler": "com.servicemax.client.nativeservice.ConsoleToolbarMenuGenKey"
                        }
				    ]
                }
			}
		}
		
	],
	
	"services" : [
		
	],
	
	"scripts" : [
	    "impl.js", 
	    "client.js"
		
	] 
}
