{	"id" : "com.servicemax.client.installigence.utils" ,
	"name" : "ServiceMax Installigence Utils",
	"description" : "ServiceMax Installigence Utils",
	"version" : "1.0.0",
	"module-activator" : "com.servicemax.client.installigence.utils.impl.Module",

	"depends" : [
	
	],

	"declares" : [

	],

	"defines" : [
		{
			"type" : "com.servicemax.client.runtime.namedinstance",
			"config" : {
				"configure" : { "name" : "CONTROLLER", "data" : [
						{"event" : "INSTALLIGENCE.GET_TRANSLATIONS", "command" : "com.servicemax.client.installigence.utils.commands.GetTranslations"}
				]}
			}
		}
	],

	"services" : [
		{ 	"id" : "com.servicemax.client.installigence.translation", 
			"class-name" : "com.servicemax.client.installigence.utils.translation.Translation" }
	],

	"scripts" : [
		"impl.js",
		"util.js",
		"commands.js",
		"translation.js"
	]
}
