{
    "id": "com.servicemax.client.testframework",
    "name": "ServiceMax Testing Application",
    "description": "The default application for ServiceMax Clientside apps",
    "version": "1.0.0",
    "module-activator": "com.servicemax.client.testframework.impl.Module",
    "depends": [
        {
            "id": "com.servicemax.client.runtime",
            "version": "1.0.0"
        }
    ],
    "declares": [],
    "defines": [],
    "services": [],
    "scripts": [
        "impl.js",
        "api.js"
    ],
    "tests": [
        {
            "name": "object.js",
            "module": "com.servicemax.client.lib"
        }, {
            "name": "event.js",
            "module": "com.servicemax.client.lib"
        }, {
            "name": "eventdispatcher.js",
            "module": "com.servicemax.client.lib"
        }, {
            "name": "datetimeutils.js",
            "module": "com.servicemax.client.lib"
        },
        "testharness.js",
        "unitmodule.js"
    ]
}
