
{	"id" : "com.servicemax.client.offline.sal.model" ,
	"name" : "ServiceMax Client Model for Offline consumption",
	"description" : "Provides the offline view and the data model for ServiceMax Console",
	"version" : "1.0.0",
	"module-activator" : "com.servicemax.client.offline.sal.model.impl.Module",

	"depends" : [
		{ "id" : "com.servicemax.client.runtime", "version" : "1.0.0" }
	],

	"declares" : [

	],

	"defines" : [
		{
			"type" : "com.servicemax.client.runtime.namedinstance",
			"config" : {
				"configure" : { "name" : "MODEL", "data" : [

						{"operationId" : "SFMDELIVERY.GET_PAGELAYOUT", "operation" : "com.servicemax.client.offline.sal.model.sfmdelivery.operations.GetPageLayout"},
						{"operationId" : "SFMDELIVERY.DESCRIBE_OBJECT", "operation" : "com.servicemax.client.offline.sal.model.sfmdelivery.operations.DescribeObject"},
						{"operationId" : "SFMDELIVERY.GET_PAGEDATA", "operation" : "com.servicemax.client.offline.sal.model.sfmdelivery.operations.GetPageData"},
						{"operationId" : "SFMDELIVERY.GET_TEMPLATEDATA", "operation" : "com.servicemax.client.offline.sal.model.sfmdelivery.operations.GetTemplateData"},
						{"operationId" : "SFMDELIVERY.CLOSE_PROCESS", "operation" : "com.servicemax.client.offline.sal.model.sfmdelivery.operations.CloseProcess"},
						{"operationId" : "SFMDELIVERY.RETRIEVE_SETTINGS", "operation" : "com.servicemax.client.offline.sal.model.sfmdelivery.operations.RetrieveSettings"},
						{"operationId" : "SFMDELIVERY.GET_USERINFO", "operation" : "com.servicemax.client.offline.sal.model.sfmdelivery.operations.GetUserInfo"},
						{"operationId" : "SFMDELIVERY.GET_RECORD_CONFLICTED", "operation" : "com.servicemax.client.offline.sal.model.sfmdelivery.operations.GetRecordConflicted"},
						{"operationId" : "SFMDELIVERY.GET_VIEW_PROCESSES", "operation" : "com.servicemax.client.offline.sal.model.sfmdelivery.operations.GetViewProcesses"},
						{"operationId" : "SFMDELIVERY.GET_RECORD_ALREADY_OPEN", "operation" : "com.servicemax.client.offline.sal.model.sfmdelivery.operations.GetRecordAlreadyOpen"},
						{"operationId" : "SFMDELIVERY.GET_LOOKUPCONFIG", "operation" : "com.servicemax.client.offline.sal.model.sfmdelivery.operations.GetLookupConfig"},
						{"operationId" : "SFMDELIVERY.SAVE_TARGETRECORD", "operation" : "com.servicemax.client.offline.sal.model.sfmdelivery.operations.SaveTargetRecord"},
						{"operationId" : "SFMDELIVERY.GET_NEXTSTEPINFO", "operation" : "com.servicemax.client.offline.sal.model.sfmdelivery.operations.GetNextStepInfo"},
						{"operationId" : "SFMDELIVERY.INVOKE_EVENT", "operation" : "com.servicemax.client.offline.sal.model.sfmdelivery.operations.InvokeEvent"},
						{"operationId" : "SFMDELIVERY.ADD_RECORDS", "operation" : "com.servicemax.client.offline.sal.model.sfmdelivery.operations.AddRecords"},
						{"operationId" : "SFMDELIVERY.DELETE_RECORDS", "operation" : "com.servicemax.client.offline.sal.model.sfmdelivery.operations.DeleteRecords"},
						{"operationId" : "SFMDELIVERY.GET_BUBBLEDATA", "operation" : "com.servicemax.client.offline.sal.model.sfmdelivery.operations.GetBubbleData"},
						{"operationId" : "SFMDELIVERY.GET_RECORD_TYPES", "operation" : "com.servicemax.client.offline.sal.model.sfmdelivery.operations.GetRecordTypes"},
						{"operationId" : "SFMDELIVERY.GET_DETAIL_MAPPEDINFO", "operation" : "com.servicemax.client.offline.sal.model.sfmdelivery.operations.GetDetailMappedInfo"},
						{"operationId" : "SFMDELIVERY.GET_URL_AND_PARAMETERS", "operation" : "com.servicemax.client.offline.sal.model.sfmdelivery.operations.GetUrlAndParameters"},
                        {"operationId" : "SFMDELIVERY.GET_PRODUCT_HISTORY", "operation" : "com.servicemax.client.offline.sal.model.sfmdelivery.operations.GetProductHistory"},
                        {"operationId" : "SFMDELIVERY.GET_ONLINE_PRODUCT_HISTORY", "operation" : "com.servicemax.client.offline.sal.model.sfmdelivery.operations.GetOnlineProductHistory"},
                        {"operationId" : "SFMDELIVERY.GET_ACCOUNT_HISTORY", "operation" : "com.servicemax.client.offline.sal.model.sfmdelivery.operations.GetAccountHistory"},
                        {"operationId" : "SFMDELIVERY.GET_ONLINE_ACCOUNT_HISTORY", "operation" : "com.servicemax.client.offline.sal.model.sfmdelivery.operations.GetOnlineAccountHistory"},
                        {"operationId" : "SFMDELIVERY.DOWNLOAD_RECORD_ON_DEMAND","operation" : "com.servicemax.client.offline.sal.model.sfmdelivery.operations.DownloadRecordOnDemand"},
					    {"operationId" : "SFMDELIVERY.IS_DOD_RECORD","operation" : "com.servicemax.client.offline.sal.model.sfmdelivery.operations.IsDodRecord"},

						{"operationId" : "SFMEVENTDELIVERY.GET_EVENT_DATA", "operation" : "com.servicemax.client.offline.sal.model.sfmeventdelivery.operations.GetEventData"},
						{"operationId" : "SFMEVENTDELIVERY.DELETE_EVENT_DATA", "operation" : "com.servicemax.client.offline.sal.model.sfmeventdelivery.operations.DeleteEventData"},
						{"operationId" : "SFMEVENTDELIVERY.UPDATE_EVENT_DATE", "operation" : "com.servicemax.client.offline.sal.model.sfmeventdelivery.operations.UpdateEventDate"},
						{"operationId" : "SFMEVENTDELIVERY.GET_FIRST_EVENT_PROCESS", "operation" : "com.servicemax.client.offline.sal.model.sfmeventdelivery.operations.GetFirstEventProcess"},
						{"operationId" : "SFMEVENTDELIVERY.GET_EDITABLE_OBJECTS", "operation" : "com.servicemax.client.offline.sal.model.sfmeventdelivery.operations.GetEditableObjectNames"},
						{"operationId" : "SFMEVENTDELIVERY.GET_PRIORITY_COLORS", "operation" : "com.servicemax.client.offline.sal.model.sfmeventdelivery.operations.GetPriorityColors"},
						{"operationId" : "SFMEVENTDELIVERY.RETRIEVE_MOBILE_SETTINGS", "operation" : "com.servicemax.client.offline.sal.model.sfmeventdelivery.operations.RetrieveMobileSettings"},
						{"operationId" : "SFMEVENTDELIVERY.SAVE_NEW_EVENT", "operation" : "com.servicemax.client.offline.sal.model.sfmeventdelivery.operations.SaveNewEvent"},


						{"operationId" : "SFMSEARCHDELIVERY.GET_SEARCH_INFO", "operation" : "com.servicemax.client.offline.sal.model.sfmsearchdelivery.operations.GetSearchInfo"},
						{"operationId" : "SFMSEARCHDELIVERY.GET_SEARCH_RESULTS", "operation" : "com.servicemax.client.offline.sal.model.sfmsearchdelivery.operations.GetSearchResults"},
						{"operationId" : "SFMSEARCHDELIVERY.GET_USERINFO", "operation" : "com.servicemax.client.offline.sal.model.sfmsearchdelivery.operations.GetUserInfo"},
						{"operationId" : "SFMSEARCHDELIVERY.GET_SEARCH_RESULT_LIMIT_SETTINGS", "operation" : "com.servicemax.client.offline.sal.model.sfmsearchdelivery.operations.GetSearchResultLimitSettings"},

						{"operationId" : "SFWDELIVERY.GET_WIZARD_INFO", "operation" : "com.servicemax.client.offline.sal.model.sfwdelivery.operations.GetWizardInfo"},

						{"operationId" : "SFMCREATEDELIVERY.GET_CREATE_PROCESSES_INFO", "operation" : "com.servicemax.client.offline.sal.model.sfmcreatedelivery.operations.GetCreateProcessInfo"},
						{"operationId" : "SFMCREATEDELIVERY.GET_RECENTS_INFO", "operation" : "com.servicemax.client.offline.sal.model.sfmcreatedelivery.operations.GetRecentsInfo"},
						{"operationId" : "SFMCREATEDELIVERY.ADD_TO_RECENTS", "operation" : "com.servicemax.client.offline.sal.model.sfmcreatedelivery.operations.AddToRecents"},
                        {"operationId" : "SFMCREATEDELIVERY.GET_PROCESS_ID", "operation" : "com.servicemax.client.offline.sal.model.sfmcreatedelivery.operations.GetProcessId"},
						{"operationId" : "SFMCONSOLE.GET_USERINFO", "operation" : "com.servicemax.client.offline.sal.model.sfmconsole.operations.GetUserInfo"},
						{"operationId" : "SFMCONSOLE.RETRIEVE_DISPLAY_TAGS", "operation" : "com.servicemax.client.offline.sal.model.sfmconsole.operations.RetrieveDisplayTags"},
						{"operationId" : "SFMCONSOLE.GET_APP_INFO", "operation" : "com.servicemax.client.offline.sal.model.sfmconsole.operations.GetAppInfo"},
						{"operationId" : "SFMDELIVERY.LIST_ATTACHMENTS", "operation" : "com.servicemax.client.offline.sal.model.sfmdelivery.operations.ListAttachments"},
						{"operationId" : "SFMDELIVERY.LIST_OUTPUTDOC_ATTACHMENTS", "operation" : "com.servicemax.client.offline.sal.model.sfmdelivery.operations.ListOutputDocAttachments"},
						{"operationId" : "SFMDELIVERY.DELETE_ATTACHMENTS", "operation" : "com.servicemax.client.offline.sal.model.sfmdelivery.operations.DeleteAttachments"},
						{"operationId" : "SFMDELIVERY.EDIT_ATTACHMENT", "operation" : "com.servicemax.client.offline.sal.model.sfmdelivery.operations.EditAttachment"},
						{"operationId" : "SFMDELIVERY.SHARE_ATTACHMENTS", "operation" : "com.servicemax.client.offline.sal.model.sfmdelivery.operations.ShareAttachments"},
						{"operationId" : "SFMDELIVERY.ATTACH_FILE", "operation" : "com.servicemax.client.offline.sal.model.sfmdelivery.operations.AttachFile"},
						{"operationId" : "SFMDELIVERY.OPEN_FILE", "operation" : "com.servicemax.client.offline.sal.model.sfmdelivery.operations.OpenFile"},
						{"operationId" : "SFMDELIVERY.OPEN_BROWSER", "operation" : "com.servicemax.client.offline.sal.model.sfmdelivery.operations.OpenBrowser"},
						{"operationId" : "SFMDELIVERY.OPEN_TELEPHONE", "operation" : "com.servicemax.client.offline.sal.model.sfmdelivery.operations.OpenTelephone"},
						{"operationId" : "SFMDELIVERY.OPEN_SMS", "operation" : "com.servicemax.client.offline.sal.model.sfmdelivery.operations.OpenSMS"},
						{"operationId" : "SFMDELIVERY.OPEN_EMAIL", "operation" : "com.servicemax.client.offline.sal.model.sfmdelivery.operations.OpenEmail"},
                        {"operationId" : "SFMDELIVERY.CHECK_IF_CONFLICT", "operation" : "com.servicemax.client.offline.sal.model.sfmdelivery.operations.CheckIfConflict"},

						{"operationId" : "SFMOPDOCDELIVERY.GET_USERINFO", "operation" : "com.servicemax.client.offline.sal.model.sfmopdocdelivery.operations.GetUserInfo"},
						{"operationId" : "SFMOPDOCDELIVERY.GET_TEMPLATE", "operation" : "com.servicemax.client.offline.sal.model.sfmopdocdelivery.operations.GetTemplate"},
						{"operationId" : "SFMOPDOCDELIVERY.GET_DOCUMENT_METADATA", "operation" : "com.servicemax.client.offline.sal.model.sfmopdocdelivery.operations.GetDocumentMetadata"},
						{"operationId" : "SFMOPDOCDELIVERY.GET_DOCUMENT_DATA", "operation" : "com.servicemax.client.offline.sal.model.sfmopdocdelivery.operations.GetDocumentData"},
						{"operationId" : "SFMOPDOCDELIVERY.DESCRIBE_OBJECT", "operation" : "com.servicemax.client.offline.sal.model.sfmopdocdelivery.operations.DescribeObject"},
						{"operationId" : "SFMOPDOCDELIVERY.CAPTURE_SIGNATURE", "operation" : "com.servicemax.client.offline.sal.model.sfmopdocdelivery.operations.CaptureSignature"},
						{"operationId" : "SFMOPDOCDELIVERY.FINALIZE", "operation" : "com.servicemax.client.offline.sal.model.sfmopdocdelivery.operations.Finalize"},
						{"operationId" : "SFMOPDOCDELIVERY.SUBMIT_QUERY", "operation" : "com.servicemax.client.offline.sal.model.sfmopdocdelivery.operations.SubmitQuery"},
						{"operationId" : "SFMOPDOCDELIVERY.GET_DISPLAY_TAGS", "operation" : "com.servicemax.client.offline.sal.model.sfmopdocdelivery.operations.GetDisplayTags"},
                        {"operationId" : "SYNC.GET_SYNC_STATUS", "operation" : "com.servicemax.client.offline.sal.model.sync.operations.GetSyncStatus"},
                        {"operationId" : "SFMSEARCHDELIVERY.GET_ONLINE_RESULTS","operation" : "com.servicemax.client.offline.sal.model.sfmsearchdelivery.operations.GetOnlineResults"},
                        {"operationId" : "SFMSEARCHDELIVERY.DOWNLOAD_RECORD_ON_DEMAND","operation" : "com.servicemax.client.offline.sal.model.sfmsearchdelivery.operations.DownloadRecordOnDemand"},
                        {"operationId" : "TOOLSPAGES.UPDATE_CONFLICT", "operation" : "com.servicemax.client.offline.sal.model.toolspages.operations.UpdateConflict"},
                        {"operationId" : "TOOLSPAGES.GET_OUTPUT_DOCS_COUNT", "operation" : "com.servicemax.client.offline.sal.model.toolspages.operations.GetOutputDocsCount"},
                        {"operationId" : "TOOLSPAGES.ALLOW_API_ACCESS", "operation" : "com.servicemax.client.offline.sal.model.toolspages.operations.AllowApiAccess"},

                        {"operationId" : "TASKS.GET_TASKS_LIST", "operation" : "com.servicemax.client.offline.sal.model.tasks.operations.GetTasksList"},
                        {"operationId" : "TASKS.MANAGE_TASK", "operation" : "com.servicemax.client.offline.sal.model.tasks.operations.ManageTask"},

                        {"operationId" : "TROUBLESHOOTDELIVERY.GET_FEED_INFO", "operation" : "com.servicemax.client.offline.sal.model.troubleshootdelivery.operations.GetFeedInfo"},
                        {"operationId" : "TROUBLESHOOTDELIVERY.SAVE_FEED_INFO", "operation" : "com.servicemax.client.offline.sal.model.troubleshootdelivery.operations.SaveFeedInfo"},
						{"operationId" : "TROUBLESHOOTDELIVERY.GET_PRODUCT_DOCUMENTS", "operation" : "com.servicemax.client.offline.sal.model.troubleshootdelivery.operations.GetProductDocuments"},
						{"operationId" : "TROUBLESHOOTDELIVERY.GET_PRODUCT_MANUAL", "operation" : "com.servicemax.client.offline.sal.model.troubleshootdelivery.operations.GetProductManual"},
						{"operationId" : "TROUBLESHOOTDELIVERY.DOWNLOAD_DOCUMENT_ON_DEMAND","operation" : "com.servicemax.client.offline.sal.model.troubleshootdelivery.operations.DownloadDocumentOnDemand"},
						{"operationId" : "TROUBLESHOOTDELIVERY.GET_ALL_DOCUMENTS","operation" : "com.servicemax.client.offline.sal.model.troubleshootdelivery.operations.GetAllDocuments"},
						{"operationId" : "RECENTS.ADD_RECENTS","operation" : "com.servicemax.client.offline.sal.model.recents.operations.AddRecents"},
						{"operationId" : "RECENTS.GET_RECENTS","operation" : "com.servicemax.client.offline.sal.model.recents.operations.GetRecents"}
					]
				}
			}
		},
         {  "type" : "com.servicemax.client.extension",
             "config" : {
				"class-name" : "com.servicemax.client.offline.sal.model.sync.extensions.SFMObjectFieldExtension",
                "event" : "com.servicemax.client.sync.extensions"
             }
         },
         {  "type" : "com.servicemax.client.extension",
             "config" : {
				"class-name" : "com.servicemax.client.offline.sal.model.sync.extensions.InstallBaseExtension",
                "event" : "com.servicemax.client.sync.extensions"
             }
         },
		{ 	"type" : "com.servicemax.client.extension",
			"config" : {
				"class-name" : "com.servicemax.client.offline.sal.model.utils.SetupNameFieldExtension",
				"event" : "com.servicemax.client.onFrameworkLoad"
			}
		},
		{ 	"type" : "com.servicemax.client.extension",
			"config" : {
				"class-name" : "com.servicemax.client.offline.sal.model.utils.SetupTableIdPrefixExtension",
				"event" : "com.servicemax.client.onFrameworkLoad"
			}
		},
		{ 	"type" : "com.servicemax.client.extension",
			"config" : {
				"class-name" : "com.servicemax.client.offline.sal.model.utils.SetupTableInDBExtension",
				"event" : "com.servicemax.client.onFrameworkLoad"
			}
		},
		{ 	"type" : "com.servicemax.client.extension",
			"config" : {
				"class-name" : "com.servicemax.client.offline.sal.model.utils.CacheRecordTypeIdsExtension",
				"event" : "com.servicemax.client.onFrameworkLoad"
			}
		},
		{ 	"type" : "com.servicemax.client.extension",
			"config" : {
				"class-name" : "com.servicemax.client.offline.sal.model.utils.CacheObjectsWithViewProcessesExtension",
				"event" : "com.servicemax.client.onFrameworkLoad"
			}
		},

		{ 	"type" : "com.servicemax.client.extension",
			"config" : {
				"class-name" : "com.servicemax.client.offline.sal.model.utils.SynchronousDbExtension",
				"event" : "com.servicemax.client.onFrameworkLoad"
			}
		},
      {  "type" : "com.servicemax.client.extension",
        "config" : {
          "class-name" : "com.servicemax.client.offline.sal.model.sync.extensions.SFObjectFieldPopulateExtension",
          "event" : "com.servicemax.client.sync.extensions"
        }
      }
	],

	"services" : [
		{ "id" : "com.servicemax.client.platformspecifics", "class-name" : "com.servicemax.client.offline.sal.model.impl.PlatformSpecifics" },
		{ "id" : "com.servicemax.client.sfw.platformspecifics", "class-name" : "com.servicemax.client.offline.sal.model.sfwdeliveryutils.PlatformSpecifics" },
		{ "id" : "com.servicemax.client.sfmsearch.platformspecifics", "class-name" : "com.servicemax.client.offline.sal.model.sfmsearch.utils.impl.PlatformSpecifics" },
		{ "id" : "com.servicemax.client.sfmcreate.platformspecifics", "class-name" : "com.servicemax.client.offline.sal.model.sfmcreateutils.PlatformSpecifics" },
		{ "id" : "com.servicemax.client.sfmevent.platformspecifics", "class-name" : "com.servicemax.client.offline.sal.model.sfmeventdelivery.operations.PlatformSpecifics" },
		{ "id" : "com.servicemax.client.sfmopdoc.platformspecifics", "class-name" : "com.servicemax.client.offline.sal.model.sfmopdocdelivery.operations.PlatformSpecifics" },
		{ "id" : "com.servicemax.client.offline.sal.service.factory", "class-name" : "com.servicemax.client.offline.sal.model.impl.ServiceManagerFactory" },
		{ "id" : "com.servicemax.client.offline.sal.service.placeholder", "class-name" : "com.servicemax.client.offline.sal.model.impl.Placeholder" },
		{ "id" : "com.servicemax.client.storageprovider", "class-name" : "com.servicemax.client.offline.sal.model.impl.StorageProvider" },
		{ "id" : "com.servicemax.client.attachmentnotifications", "class-name" : "com.servicemax.client.offline.sal.model.impl.AttachmentNotificationService" }

	],

	"scripts" : [
		"impl.js",
		"nativeservice.js",

		"sfmdeliveryoperations.js",

		"utils.js",
		"sfmeventdeliveryoperations.js",

    	"sfmsearchdeliveryoperations.js",
	    "sfmsearchutils.js",

	    "sfwdeliveryoperations.js",
	    "sfwdeliveryutils.js",

	    "sfmcreatedeliveryoperations.js",
	    "sfmcreateutils.js",
	    "sfmconsoleoperations.js",

	    "sfmopdocdeliveryoperations.js",
		"sfmopdocdeliveryutils.js",

	    "syncextensions.js",
        "syncoperations.js",

        "toolspagesoperations.js",
        "tasksoperations.js",
        "recentsoperations.js",
        "troubleshootdeliveryoperations.js",
        "sfchatterfeedutils.js",

        "targetrecord.js"
	],
	"tests" : [
        "utils.js",
        "nativeService.js"
	]
}
