
{	"id" : "com.servicemax.client.offline.sal.model" ,
	"name" : "ServiceMax Client Model for Offline consumption",
	"description" : "Provides the offline view and the data model for ServiceMax Console",
	"version" : "1.0.0",
	"module-activator" : "com.servicemax.client.offline.sal.model.impl.Module",

	"depends" : [
		{ "id" : "com.servicemax.client.runtime", "version" : "1.0.0" }
	],

	"declares" : [

	],

	"defines" : [
		{
			"type" : "com.servicemax.client.runtime.namedinstance",
			"config" : {
				"configure" : { "name" : "MODEL", "data" : [

						
					]
				}
			}
		}
	],

	"services" : [
		
	],

	"scripts" : [
		"impl.js",
		"nativeservice.js"
	],
	"tests" : [
        "nativeService.js"
	]
}
