{
    "title" : "SFM Offline Console", "version" : "1.0.0",

            "modules" : [
                        {"id" : "com.servicemax.client.app",                           "version" : "1.0.0" , "codebase" : "modules" },
                        { "id" : "com.servicemax.client.mvc",                           "version" : "1.0.0" , "codebase" : "modules" },
                        { "id" : "com.servicemax.client.runtime",                       "version" : "1.0.0" , "codebase" : "modules" },
                        { "id" : "com.servicemax.client.sal",                           "version" : "1.0.0" , "codebase" : "modules" },
                        { "id" : "com.servicemax.client.offline.sal.model",             "version" : "1.0.0" , "codebase" : "modules" },
                        { "id" : "com.servicemax.client.native.laptop",                 "version" : "1.0.0" , "codebase" : "modules" },
                        { "id" : "com.servicemax.client.usage",                 "version" : "1.0.0" , "codebase" : "modules" }
                        
            ],

            "app-config" : {
                "application-id"   : "application",
     			"client-type" : "iPad",
				"app-version" : "15.29.003",
                "svmx-api-version" : "9.0",
                "org-name-space"   : "SVMXC",
                "server-min-version" : "14.40000",
                "sal-service-runtime-mode" : "REMOTE_PROXY",
                "svmx-mobile" : "true",
                "svmx-sfm-opdoc-sig-capture" : "html",
                "allow-signatures" : true,
                "allow-draft" : false,
                "svmx-weinre-url": "",
                "svmx-weinre-session": "Richard",
                "svmx-enable-bootstrap-spinner": true,
                "svmx-sfm-section-label-align" : "right",
                "svmx-sfm-section-label-style" : "font-weight:bold",
                "svmx-sfm-validate-email-format" : true,
                "svmx-sfm-validate-url-format" : false,
                "svmx-sfm-reload-on-quick-save" : false,
                "svmx-sfm-lookup-cache-limit": 3,
                "svmx-sfm-validate-phone-format" : false,
                "svmx-sfm-disable-lookup-autoresolve" : false,
                "svmx-sfm-disable-events" : true,
                "svmx-sfm-disable-translate-dates": true,
                "svmx-sfm-hide-title-bar": true,
                "svmx-sfm-no-window-resize": true,

                "svmx-sfm-software-back": true,

                "enable-cache" : true,
                "enable-log" : true,
                "svmx-use-server-cache" : false,
                "svmx-sfmd-settings-instant-update" : false,
                "ui-components-bubble-theme-path" : "modules/com.servicemax.client.ui.components.bubble/resources/themes/images/bubble",
                "sfmconsole-runtime-start": "sfmeventdelivery",
                "sfmconsole-runtime-mode" : "CONSOLE",
                "sal-native" : true,
                "svmx-sfm-disable-events": false,
                "svmx-sfm-hide-title-bar" : true,
                "svmx-help-path" : "js/docs/Mobile for Laptops.chm",
                "svmx-sfm-delivery-disable-test-record-open": true,
                "svmx-sfm-disable-lookup-autoresolve": true,
                "svmx-sfmevent-marker-timeout": 61,
                "svmx-fieldvalue-updates-enable" : false,
                "svmx-sfmevent-default-create": {
                    "name": "Create New Event",
                    "id": "EVT_003"
                },
                "enable-sla-clock" : true,
                "enable-online-search" : true,
               "sfm-search-max-parallel-download-count":3,
                "svmx-logging-preferences": {
                    "targets": {
                        "Browser": {
                            "class-name": "com.servicemax.client.lib.services.BrowserConsoleLogTarget",
                            "options": {}
                        },
                        "Alert": {
                            "class-name": "com.servicemax.client.lib.services.AlertLogTarget",
                            "options": {}
                        },
                        "DB": {
                            "class-name": "com.servicemax.client.offline.sal.model.utils.DBLogTarget",
                            "options": {
                                "tableName": "UserLog"
                            }
                        }
                    },
                    "loggers": {
                        "DEFAULT": {
                            "Browser": "INFO"
                        },
                        "SVMXCONSOLECORE": {
                            "Browser": "INFO"
                        },
                        "MODULE-LOADER": {
                            "Browser": "INFO"
                        },
                        "SYNC-API": {
                            "Browser": "INFO"
                        },
                        "SYNC-IMPL": {
                            "Browser": "INFO"
                        }
                    }
                }
            },

            "platform-config" : {

            }
}
