
{	"id" : "com.servicemax.client.sfmconsole" ,
	"name" : "ServiceMax Client Console",
	"description" : "ServiceMax Client Console",
	"version" : "1.0.0",
	"module-activator" : "com.servicemax.client.sfmconsole.impl.Module",
	"load-at-startup" : "true",

	"depends" : [],

	"declares" : [
		{ "id" : "com.servicemax.client.sfmconsole.deliveryengine" },
		{ "id" : "com.servicemax.client.sfmconsole.settings" },
		{ "id" : "com.servicemax.client.sfmconsole.consoleapp" },
		{ "id" : "com.servicemax.client.sfmconsole.synchronizer" },
		{ "id" : "com.servicemax.client.extension" },
		{ "id" : "com.servicemax.client.sfmconsole.translation-tags"}
	],

	"defines" : [
		{
			"type" : "com.servicemax.client.runtime.namedinstance",
			"config" : {
				"define" : { "name" : "SFMCONSOLE.VIEW", "type" : "com.servicemax.client.mvc.impl.View" }
			}
		},
		{ 	"type" : "com.servicemax.client.runtime.application",
			"config" : {
				"application" : { "id" : "console", "class-name" : "com.servicemax.client.sfmconsole.impl.Application" }
			}
		},
		{
			"type" : "com.servicemax.client.runtime.namedinstance",
			"config" : {
				"configure" : { "name" : "CONTROLLER", "data" : [
						{"event" : "SFMCONSOLE.GET_USERINFO", "command" : "com.servicemax.client.sfmconsole.commands.GetUserInfo"},
                        {"event" : "SFMCONSOLE.RETRIEVE_DISPLAY_TAGS", "command" : "com.servicemax.client.sfmconsole.commands.RetrieveDisplayTags"}
				]}
			}
		},
		{	"type" : "com.servicemax.client.runtime.uitheme",
			"config" : {
				"theme-defs" : [
					{ "type" : "DEFAULT" , "path" : "css/sfm-console-toolbar-blue.css" },
					{ "type" : "DEFAULT" , "path" : "css/sfm-console-blue.css" },
					{ "type" : "CLASSIC" , "path" : "css/sfm-console-toolbar-classic.css" },
					{ "type" : "CLASSIC" , "path" : "css/sfm-console-classic.css" },
					{ "type" : "RED" , "path" : "css/sfm-console-toolbar-red.css" },
					{ "type" : "RED" , "path" : "css/sfm-console-red.css" },
					{ "type" : "RELAXED" , "path" : "css/sfm-console-toolbar-relaxed.css" },
					{ "type" : "RELAXED" , "path" : "css/sfm-console-red.css" },
					{ "type" : "IPAD" , "path" : "css/sfm-console-toolbar-ipad.css" },
					{ "type" : "IPAD" , "path" : "css/sfm-console-ipad.css" },
					{ "type" : "IPAD" , "path" : "css/sfm-console-toolbar-ipad2.css" },
					{ "type" : "IPAD" , "path" : "css/sfm-console-ipad2.css" },
					{ "type" : "WINDOWS CLASSIC" , "path" : "css/sfm-console-toolbar-windows-classic.css" },
					{ "type" : "WINDOWS CLASSIC" , "path" : "css/sfm-console-windows-classic.css" }
				]
			}
		},
		{
			"type" : "com.servicemax.client.runtime.namedinstance",
			"config" : {
				"define" : {
                    "name" : "CONSOLE_MENUITEMS",
                    "type" : "com.servicemax.client.sfmconsole.engine.ConsoleToolbarNameInstance"
                },
                "configure" : {
                    "name" : "CONSOLE_MENUITEMS",
                    "data" : [
				        {
                            "id" : "itmMenuHelp",
                            "title" : {
                                "tag": "TAG043",
                                "text": "Help",
                                "module": "SFMDELIVERY" 
                            },
                            "tooltip": {
                                "tag": "TAG043",
                                "text": "Help",
                                "module": "SFMDELIVERY" 
                            },
                            "icon-class": "sfm-console-help-icon",
                            "priority": "0",
                            "handler": "com.servicemax.client.sfmconsole.engine.ConsoleToolbarMenuHelp"
                        }
				    ]
                }
			}
		}
	],

	"services" : [
		{ "id" : "com.servicemax.client.translation", "class-name" : "com.servicemax.client.sfmconsole.utils.TranslationService" }
	],

	"scripts" : [
		"api.js",
		"impl.js",
		"utils.js",
		"engine.js",
		"commands.js",
		"constants.js",
		"patterns/api.js",
		"expressionbridge.js"
	]
}
