{	"id" : "com.servicemax.client.installigence.admin" ,
	"name" : "ServiceMax Installigence Admin",
	"description" : "ServiceMax Installigence Admin",
	"version" : "1.0.0",
	"module-activator" : "com.servicemax.client.installigence.admin.impl.Module",

	"depends" : [
		{ "id" : "com.servicemax.client.runtime", "version" : "1.0.0" }
	],

	"declares" : [

	],

	"defines" : [
        {   "type" : "com.servicemax.client.runtime.application",
            "config" : {
                "application" : { "id" : "installigence_admin", "class-name" : "com.servicemax.client.installigence.admin.app.Application" }
            }
        },
        {
			"type" : "com.servicemax.client.runtime.namedinstance",
			"config" : {
				"configure" : { "name" : "CONTROLLER", "data" : [
						{"event" : "INSTALLIGENCEADMIN.GET_SETUP_METADATA", "command" : "com.servicemax.client.installigence.admin.commands.GetSetupMetadata"},
						{"event" : "INSTALLIGENCEADMIN.SAVE_SETUP_DATA", "command" : "com.servicemax.client.installigence.admin.commands.SaveSetupData"},
						{"event" : "INSTALLIGENCEADMIN.FIND_TOPLEVEL_IBS", "command" : "com.servicemax.client.installigence.admin.commands.GetTopLevelIBs"},
						{"event" : "INSTALLIGENCEADMIN.GET_TEMPLATE_FROM_IB", "command" : "com.servicemax.client.installigence.admin.commands.GetTemplateFromIB"},
						{"event" : "INSTALLIGENCEADMIN.BACK_TO_SETUP_HOME", "command" : "com.servicemax.client.installigence.admin.commands.BackToSetupHome"}
					]
				}
			}
		},
		{
			"type" : "com.servicemax.client.runtime.namedinstance",
			"config" : {
				"configure" : { "name" : "MODEL", "data" : [
						{"operationId" : "INSTALLIGENCEADMIN.GET_SETUP_METADATA", "operation" : "com.servicemax.client.installigence.admin.operations.GetSetupMetadata"},
						{"operationId" : "INSTALLIGENCEADMIN.SAVE_SETUP_DATA", "operation" : "com.servicemax.client.installigence.admin.operations.SaveSetupData"},
						{"operationId" : "INSTALLIGENCEADMIN.FIND_TOPLEVEL_IBS", "operation" : "com.servicemax.client.installigence.admin.operations.GetTopLevelIBs"},
						{"operationId" : "INSTALLIGENCEADMIN.GET_TEMPLATE_FROM_IB", "operation" : "com.servicemax.client.installigence.admin.operations.GetTemplateFromIB"},
						{"operationId" : "INSTALLIGENCEADMIN.BACK_TO_SETUP_HOME", "operation" : "com.servicemax.client.installigence.admin.operations.BackToSetupHome"}
					]
				}
			}
		}
		
	],

	"services" : [

	],

	"scripts" : [
		"root.js",		
		"filters.js",
		"useractions.js",
		"datavalidationrules.js",
		"producttemplates.js",
		"othersettings.js",
		"impl.js",
		"app.js",
		"commands.js",
		"installigenceadminoperations.js",
		"celleditors.js",
		"objectsearch.js",
		"search.js"
	]
}
